{
  "pageModelVersion": "18.4.5",
  "title": "",
  "description": "",
  "variables": {
    "sensorListSDP": {
      "type": "vb/ServiceDataProvider",
      "defaultValue": {
        "endpoint": "businessObjects/getall_Sensor",
        "idAttribute": "id",
        "itemsPath": "items",
        "responseType": "page:getallSensorResponse"
      }
    },
    "historialSensoresListSDP": {
      "type": "vb/ServiceDataProvider",
      "defaultValue": {
        "endpoint": "businessObjects/getall_HistorialSensores",
        "idAttribute": "id",
        "itemsPath": "items",
        "responseType": "page:getallHistorialSensoresResponse"
      }
    }
  },
  "types": {
    "getallSensorResponse": {
      "items": [
        {
          "id": "number",
          "temperature": "number",
          "humidity": "number",
          "promedioTemperature": "number"
        }
      ]
    },
    "@decorators.getallSensorResponse": {
      "endpoint": "getall_Sensor",
      "service": "businessObjects",
      "path": "response"
    },
    "getallHistorialSensoresResponse": {
      "items": [
        {
          "id": "number",
          "creationDate": "string",
          "temperature": "number"
        }
      ]
    },
    "@decorators.getallHistorialSensoresResponse": {
      "endpoint": "getall_HistorialSensores",
      "service": "businessObjects",
      "path": "response"
    }
  },
  "chains": {},
  "eventListeners": {},
  "imports": {
    "components": {
      "oj-ext-mobile-page-template": {
        "path": "vb/components/mobile-page-template/loader"
      },
      "oj-table": {
        "path": "ojs/ojtable"
      },
      "oj-chart": {
        "path": "ojs/ojchart"
      }
    }
  }
}