{
    "fieldValidators": [],
    "objectFunctions": [],
    "objectValidators": [],
    "triggers": [
        {
            "active": "inactive",
            "displayName": "GenerarHistorial",
            "functionBody": "// Trigger Beginning \nprintln 'Trigger started: GenerarHistorial, business object: Sensor, event: BeforeInsert';\ntotal = 0;\ncuenta = 0;\n\ntry {\n  def view1 = newView('HistorialSensores'); \n while (view1.hasNext()) {\n   record1 = view1.next();\n   total = total + record1.temperature; \n   cuenta = cuenta + 1;\n }\n temperature = total / cuenta;\n\n\n  // No Fragment Generator found\n} finally {\n\n  // Trigger End \n  println 'Trigger ended: GenerarHistorial';\n\n}",
            "lastUpdate": "2019-02-06T18:48:04",
            "oid": "4033a0ad-8fd5-4692-b5ca-456592f6a7be",
            "scriptMimeType": "application/x-adf-groovy",
            "triggerEvents": [
                "AfterTransactionPosted"
            ],
            "workflow": {}
        },
        {
            "active": "active",
            "displayName": "Historial",
            "lastUpdate": "2019-02-06T18:54:35",
            "oid": "19539905-2aee-4974-9f8e-fd1e71712ed3",
            "scriptMimeType": "application/x-adf-groovy",
            "triggerEvents": [
                "BeforeUpdate"
            ],
            "workflow": {
                "nodeType": "criterion",
                "type": "always",
                "displayName": "Always Execute",
                "outcomes": {
                    "false": {
                        "nodeType": "terminus",
                        "type": "end",
                        "for": "trigger"
                    },
                    "true": {
                        "nodeType": "actionGroup",
                        "displayName": "Action Group",
                        "after": {
                            "nodeType": "terminus",
                            "type": "continue",
                            "for": "criteria"
                        },
                        "methodDefinition": {
                            "typeId": "workflowCreateRecord",
                            "archetypeId": "WorkflowPage__SensorDetailArchetype",
                            "vars": {
                                "entityId": "HistorialSensores",
                                "index": 1,
                                "valueUpdates": "[{\"fieldId\":\"deviceID\",\"expressionValue\":\"=deviceID\",\"inputMode\":\"expression\",\"required\":true},{\"fieldId\":\"luminance\",\"expressionValue\":\"=luminance\",\"inputMode\":\"expression\",\"required\":false},{\"fieldId\":\"temperature\",\"expressionValue\":\"=temperature\",\"inputMode\":\"expression\",\"required\":false},{\"fieldId\":\"approach\",\"expressionValue\":\"=approach\",\"inputMode\":\"expression\",\"required\":false},{\"fieldId\":\"humidity\",\"expressionValue\":\"=humidity\",\"inputMode\":\"expression\",\"required\":false},{\"fieldId\":\"dust\",\"expressionValue\":\"=dust\",\"inputMode\":\"expression\",\"required\":false},{\"fieldId\":\"levelLED\",\"expressionValue\":\"=levelLED\",\"inputMode\":\"expression\",\"required\":false},{\"fieldId\":\"bits\",\"expressionValue\":\"=bits\",\"inputMode\":\"expression\",\"required\":false},{\"fieldId\":\"sensor\",\"expressionValue\":\"=nombre\",\"inputMode\":\"expression\",\"required\":false}]",
                                "methodName": "onSensorActionGroupExecute",
                                "pageEvent": "actionGroupExecute"
                            },
                            "outcomeHandlers": {}
                        }
                    }
                }
            }
        },
        {
            "active": "active",
            "displayName": "GenerarPromedios",
            "functionBody": "// Trigger Beginning \nprintln 'Trigger started: GenerarHistorial, business object: Sensor, event: BeforeInsert';\ntotalT = 0;\ntotalH = 0;\ntotalL = 0;\ntotalD = 0;\ncuenta = 0;\n\ntry {\n  def view1 = newView('HistorialSensores'); \n while (view1.hasNext()) {\n   record1 = view1.next();\n   totalT = totalT + record1.temperature; \n   totalH = totalH + record1.humidity; \n   totalL = totalL + record1.luminance; \n   totalD = totalD + record1.dust; \n   cuenta = cuenta + 1;\n }\n promedioTemperature = totalT / cuenta;\n promedioHumidity = totalH / cuenta;\n promedioLuminance = totalL / cuenta;\n promedioDust = totalD / cuenta;\n\n\n  // No Fragment Generator found\n} finally {\n\n  // Trigger End \n  println 'Trigger ended: GenerarHistorial';\n\n}",
            "lastUpdate": "2019-02-06T18:54:24",
            "oid": "0bba4cc9-6ae1-4722-9aea-84a6b98c78d9",
            "scriptMimeType": "application/x-adf-groovy",
            "triggerEvents": [
                "BeforeUpdate"
            ],
            "workflow": {}
        },
        {
            "active": "inactive",
            "displayName": "GenerarPromediosInsert",
            "functionBody": "// Trigger Beginning \nprintln 'Trigger started: GenerarHistorial, business object: Sensor, event: BeforeInsert';\ntotalT = 0;\ntotalH = 0;\ntotalL = 0;\ntotalD = 0;\ncuenta = 0;\n\ntry {\n  def view1 = newView('HistorialSensores'); \n while (view1.hasNext()) {\n   record1 = view1.next();\n   totalT = totalT + record1.temperature; \n   totalH = totalH + record1.humidity; \n   totalL = totalL + record1.luminance; \n   totalD = totalD + record1.dust; \n   cuenta = cuenta + 1;\n }\n promedioTemperature = totalT / cuenta;\n promedioHumidity = totalH / cuenta;\n promedioLuminance = totalL / cuenta;\n promedioDust = totalD / cuenta;\n\n\n  // No Fragment Generator found\n} finally {\n\n  // Trigger End \n  println 'Trigger ended: GenerarHistorial';\n\n}",
            "lastUpdate": "2019-02-06T18:52:54",
            "oid": "b92a2df4-828a-4a2a-b952-b2837c3b0217",
            "scriptMimeType": "application/x-adf-groovy",
            "triggerEvents": [
                "BeforeInsert"
            ],
            "workflow": {}
        },
        {
            "active": "active",
            "displayName": "HistorialInsert",
            "lastUpdate": "2019-02-06T18:54:49",
            "oid": "c2598eab-45eb-4434-ba34-0ae21eecf5d9",
            "scriptMimeType": "application/x-adf-groovy",
            "triggerEvents": [
                "BeforeInsert"
            ],
            "workflow": {
                "nodeType": "criterion",
                "type": "always",
                "displayName": "Always Execute",
                "outcomes": {
                    "false": {
                        "nodeType": "terminus",
                        "type": "end",
                        "for": "trigger"
                    },
                    "true": {
                        "nodeType": "actionGroup",
                        "displayName": "Action Group",
                        "after": {
                            "nodeType": "terminus",
                            "type": "continue",
                            "for": "criteria"
                        },
                        "methodDefinition": {
                            "typeId": "workflowCreateRecord",
                            "archetypeId": "WorkflowPage__SensorDetailArchetype",
                            "vars": {
                                "entityId": "HistorialSensores",
                                "index": 1,
                                "valueUpdates": "[{\"fieldId\":\"deviceID\",\"expressionValue\":\"=deviceID\",\"inputMode\":\"expression\",\"required\":true},{\"fieldId\":\"luminance\",\"expressionValue\":\"=luminance\",\"inputMode\":\"expression\",\"required\":false},{\"fieldId\":\"temperature\",\"expressionValue\":\"=temperature\",\"inputMode\":\"expression\",\"required\":false},{\"fieldId\":\"approach\",\"expressionValue\":\"=approach\",\"inputMode\":\"expression\",\"required\":false},{\"fieldId\":\"humidity\",\"expressionValue\":\"=humidity\",\"inputMode\":\"expression\",\"required\":false},{\"fieldId\":\"dust\",\"expressionValue\":\"=dust\",\"inputMode\":\"expression\",\"required\":false},{\"fieldId\":\"levelLED\",\"expressionValue\":\"=levelLED\",\"inputMode\":\"expression\",\"required\":false},{\"fieldId\":\"bits\",\"expressionValue\":\"=bits\",\"inputMode\":\"expression\",\"required\":false},{\"fieldId\":\"sensor\",\"expressionValue\":\"=nombre\",\"inputMode\":\"expression\",\"required\":false}]",
                                "methodName": "onSensorActionGroupExecute",
                                "pageEvent": "actionGroupExecute"
                            },
                            "outcomeHandlers": {}
                        }
                    }
                }
            }
        }
      ],
    "fieldTriggers": []
}