id,creationDate,lastUpdateDate,createdBy,lastUpdatedBy,nombre,deviceID,luminance,approach,temperature,humidity,dust,levelLED,bits,promedioLuminance,promedioTemperature,promedioDust,promedioHumidity
20,2019-02-06T18:49:08,2019-02-06T18:51:36.171,hernan.enrique.aymard@oracle.com,hernan.enrique.aymard@oracle.com,n1,d3,10.0,,10.0,55.0,50.0,,,10.0,30.0,50.0,55.0
21,2019-02-06T18:51:57,2019-02-06T18:55:28.219,hernan.enrique.aymard@oracle.com,hernan.enrique.aymard@oracle.com,n1,d1,21.0,,10.0,55.0,50.0,,,15.25,20.0,50.0,55.0
22,2019-02-06T20:35:02,2019-02-06T20:37:35.692,hernan.enrique.aymard@oracle.com,hernan.enrique.aymard@oracle.com,n1,d4,33.0,,10.0,55.0,50.0,,,19.166666666666668,16.666666666666668,50.0,55.0
23,2019-02-06T20:38:13,2019-02-06T20:38:13.452,hernan.enrique.aymard@oracle.com,hernan.enrique.aymard@oracle.com,n1,d5,33.0,,10.0,55.0,50.0,,,,,,
