{
    "displayLabel": "Sensor",
    "fields": [
        {
            "displayLabel": "Id",
            "internal": true,
            "key": true,
            "name": "id",
            "oid": "7818e267-1677-447d-9f08-aa9b263af8e3",
            "required": true,
            "type": "number",
            "unique": true
        },
        {
            "displayLabel": "Created",
            "internal": true,
            "name": "creationDate",
            "oid": "713730bc-5de8-4f5c-9dab-94cd413d7bec",
            "type": "datetime"
        },
        {
            "displayLabel": "Last Updated",
            "internal": true,
            "name": "lastUpdateDate",
            "oid": "1378917e-1469-4728-8b3b-ab702a250270",
            "type": "datetime"
        },
        {
            "displayLabel": "Created By",
            "internal": true,
            "name": "createdBy",
            "oid": "2c1eddfb-f7d8-482e-855e-239ad2e2906f",
            "type": "string"
        },
        {
            "displayLabel": "Last Updated By",
            "internal": true,
            "name": "lastUpdatedBy",
            "oid": "139f0439-d3b8-4993-9102-b9176705276f",
            "type": "string"
        },
        {
            "displayLabel": "<internal>",
            "hidden": true,
            "internal": true,
            "name": "abcsChangeNumber",
            "oid": "b385bd28-f858-46fd-8ec3-1f81cf1c60ed",
            "type": "number"
        },
        {
            "name": "nombre",
            "oid": "b0bdea41-1a2c-4bb2-86f2-3290d69708c9",
            "displayLabel": "nombre",
            "type": "string"
        },
        {
            "name": "deviceID",
            "oid": "d56ec4eb-f996-4f93-bf5f-3078434514df",
            "required": true,
            "displayLabel": "deviceID",
            "type": "string",
            "unique": true
        },
        {
            "name": "luminance",
            "oid": "f525f240-a74d-4bdb-96de-0fb08618fd28",
            "displayLabel": "luminosidad",
            "type": "number"
        },
        {
            "name": "approach",
            "oid": "80bca973-e5fc-4dda-8bac-708f1bf18fdb",
            "displayLabel": "ir",
            "type": "number"
        },
        {
            "name": "temperature",
            "oid": "885c9301-7e41-4179-aa9e-406deb4333e2",
            "displayLabel": "temperatura",
            "type": "number"
        },
        {
            "name": "humidity",
            "oid": "1b10f4f9-e497-4111-8fc5-4a4f9d231f91",
            "displayLabel": "humedad",
            "type": "number"
        },
        {
            "name": "dust",
            "oid": "90ab69ce-86bf-4a7b-a927-9c01d9c87216",
            "displayLabel": "polvo",
            "type": "number"
        },
        {
            "name": "levelLED",
            "oid": "e971a7a5-c7b6-446e-80a6-04cbca5a53c0",
            "displayLabel": "led",
            "type": "number"
        },
        {
            "name": "bits",
            "oid": "b1d32fc3-a68a-4bff-94bf-bff6fdf341f6",
            "displayLabel": "LEDBits",
            "type": "number"
        },
        {
            "name": "promedioLuminance",
            "oid": "6a2ce042-357f-44d7-8ffe-e5b2bda9f2bb",
            "displayLabel": "Promedio Luminosidad",
            "type": "number"
        },
        {
            "name": "promedioTemperature",
            "oid": "608e2d21-5b8e-4f4a-9c20-6f6516542724",
            "displayLabel": "Promedio Temperatura",
            "type": "number"
        },
        {
            "name": "promedioDust",
            "oid": "72a60028-1d50-43ed-a9ba-edb01dc33fd2",
            "displayLabel": "Promedio Polvo",
            "type": "number"
        },
        {
            "name": "promedioHumidity",
            "oid": "fd292f04-54b9-47ba-aa95-162be9877c64",
            "displayLabel": "Promedio Humedad",
            "type": "number"
        }
    ],
    "name": "Sensor",
    "oid": "2b4e9506-11e4-49fa-8375-711d61cb9a57",
    "description": "Sensor",
    "pluralLabel": "Sensores",
    "triggers": [
        {
            "definition": "// Trigger Beginning \nprintln 'Trigger started: Historial, business object: Sensor, event: BeforeInsert';\n\ntry {\n\n  // Always Execute Criterion (Always Execute)\n  alwaysExecuteCriterion_1: {\n    // Action Group (Action Group)\n    def view1 = newView('HistorialSensores');\n    def record1 = view1.createRow();\n    record1.deviceID = {\n    deviceID\n    }.call();\n    record1.luminance = {\n    luminance\n    }.call();\n    record1.temperature = {\n    temperature\n    }.call();\n    record1.approach = {\n    approach\n    }.call();\n    record1.humidity = {\n    humidity\n    }.call();\n    record1.dust = {\n    dust\n    }.call();\n    record1.levelLED = {\n    levelLED\n    }.call();\n    record1.bits = {\n    bits\n    }.call();\n    record1.sensor = {\n    nombre\n    }.call();\n    view1.insertRow(record1);\n\n  }\n\n} finally {\n\n  // Trigger End \n  println 'Trigger ended: Historial';\n\n}",
            "displayName": "Historial",
            "name": "BeforeUpdate_Rule_1",
            "refId": "19539905-2aee-4974-9f8e-fd1e71712ed3",
            "type": "BeforeUpdate"
        },
        {
            "definition": "// Trigger Beginning \nprintln 'Trigger started: GenerarHistorial, business object: Sensor, event: BeforeInsert';\ntotalT = 0;\ntotalH = 0;\ntotalL = 0;\ntotalD = 0;\ncuenta = 0;\n\ntry {\n  def view1 = newView('HistorialSensores'); \n while (view1.hasNext()) {\n   record1 = view1.next();\n   totalT = totalT + record1.temperature; \n   totalH = totalH + record1.humidity; \n   totalL = totalL + record1.luminance; \n   totalD = totalD + record1.dust; \n   cuenta = cuenta + 1;\n }\n promedioTemperature = totalT / cuenta;\n promedioHumidity = totalH / cuenta;\n promedioLuminance = totalL / cuenta;\n promedioDust = totalD / cuenta;\n\n\n  // No Fragment Generator found\n} finally {\n\n  // Trigger End \n  println 'Trigger ended: GenerarHistorial';\n\n}\n",
            "displayName": "GenerarPromedios",
            "name": "BeforeUpdate_Rule_0",
            "refId": "0bba4cc9-6ae1-4722-9aea-84a6b98c78d9",
            "type": "BeforeUpdate"
        },
        {
            "definition": "// Trigger Beginning \nprintln 'Trigger started: Historial copy, business object: Sensor, event: BeforeUpdate';\n\ntry {\n\n  // Always Execute Criterion (Always Execute)\n  alwaysExecuteCriterion_1: {\n    // Action Group (Action Group)\n    def view1 = newView('HistorialSensores');\n    def record1 = view1.createRow();\n    record1.deviceID = {\n    deviceID\n    }.call();\n    record1.luminance = {\n    luminance\n    }.call();\n    record1.temperature = {\n    temperature\n    }.call();\n    record1.approach = {\n    approach\n    }.call();\n    record1.humidity = {\n    humidity\n    }.call();\n    record1.dust = {\n    dust\n    }.call();\n    record1.levelLED = {\n    levelLED\n    }.call();\n    record1.bits = {\n    bits\n    }.call();\n    record1.sensor = {\n    nombre\n    }.call();\n    view1.insertRow(record1);\n\n  }\n\n} finally {\n\n  // Trigger End \n  println 'Trigger ended: Historial copy';\n\n}",
            "displayName": "HistorialInsert",
            "name": "BeforeInsert_Rule_0",
            "refId": "c2598eab-45eb-4434-ba34-0ae21eecf5d9",
            "type": "BeforeInsert"
        }
    ]
}