id,creationDate,lastUpdateDate,createdBy,lastUpdatedBy,luminance,approach,temperature,humidity,dust,levelLED,bits,deviceID,sensor
28,2019-02-06T18:49:08.245,2019-02-06T18:49:08.381,hernan.enrique.aymard@oracle.com,hernan.enrique.aymard@oracle.com,10.0,,50.0,55.0,50.0,,,d3,n1
29,2019-02-06T18:51:36,2019-02-06T18:51:36.173,hernan.enrique.aymard@oracle.com,hernan.enrique.aymard@oracle.com,10.0,,10.0,55.0,50.0,,,d3,n1
40,2019-02-06T18:55:03,2019-02-06T18:55:03.218,hernan.enrique.aymard@oracle.com,hernan.enrique.aymard@oracle.com,20.0,,10.0,55.0,50.0,,,d1,n1
41,2019-02-06T18:55:28,2019-02-06T18:55:28.221,hernan.enrique.aymard@oracle.com,hernan.enrique.aymard@oracle.com,21.0,,10.0,55.0,50.0,,,d1,n1
42,2019-02-06T20:35:02.323,2019-02-06T20:35:02.386,hernan.enrique.aymard@oracle.com,hernan.enrique.aymard@oracle.com,21.0,,10.0,55.0,50.0,,,d4,n1
43,2019-02-06T20:37:35,2019-02-06T20:37:35.694,hernan.enrique.aymard@oracle.com,hernan.enrique.aymard@oracle.com,33.0,,10.0,55.0,50.0,,,d4,n1
44,2019-02-06T20:38:13.373,2019-02-06T20:38:13.46,hernan.enrique.aymard@oracle.com,hernan.enrique.aymard@oracle.com,33.0,,10.0,55.0,50.0,,,d5,n1
