{
    "displayLabel": "HistorialSensores",
    "fields": [
        {
            "displayLabel": "Id",
            "internal": true,
            "key": true,
            "name": "id",
            "oid": "cec8afd9-76be-464b-b01b-2a854108b35a",
            "required": true,
            "type": "number",
            "unique": true
        },
        {
            "displayLabel": "Created",
            "internal": true,
            "name": "creationDate",
            "oid": "63f85160-b854-4315-9a02-3e5c05b29e8f",
            "type": "datetime"
        },
        {
            "displayLabel": "Last Updated",
            "internal": true,
            "name": "lastUpdateDate",
            "oid": "569b5c66-5c2f-4aec-904e-df77b8dd152e",
            "type": "datetime"
        },
        {
            "displayLabel": "Created By",
            "internal": true,
            "name": "createdBy",
            "oid": "72d628ad-5dee-41ca-8c9f-8f365f783c4b",
            "type": "string"
        },
        {
            "displayLabel": "Last Updated By",
            "internal": true,
            "name": "lastUpdatedBy",
            "oid": "f0365ce1-bbf9-44df-b1fd-aa4cf486feec",
            "type": "string"
        },
        {
            "displayLabel": "<internal>",
            "hidden": true,
            "internal": true,
            "name": "abcsChangeNumber",
            "oid": "99c6243a-94e2-4160-b3a4-6ef7527e71ff",
            "type": "number"
        },
        {
            "name": "luminance",
            "oid": "363cd98c-b81a-476d-8a97-d46409a2a10d",
            "displayLabel": "luminosidad",
            "type": "number"
        },
        {
            "name": "approach",
            "oid": "82ddfc61-2ec9-45cc-87f9-0d694580eb86",
            "displayLabel": "ir",
            "type": "number"
        },
        {
            "name": "temperature",
            "oid": "d9bf455f-cc4a-447c-b7f2-7d388c0cb902",
            "displayLabel": "temperatura",
            "type": "number"
        },
        {
            "name": "humidity",
            "oid": "ca4c1c02-b82f-40b0-9c90-36fcda5b24a1",
            "displayLabel": "humedad",
            "type": "number"
        },
        {
            "name": "dust",
            "oid": "e8577661-e7a2-480f-b1a6-f957a931ab8c",
            "displayLabel": "polvo",
            "type": "number"
        },
        {
            "name": "levelLED",
            "oid": "52254b89-70ef-4c4a-a761-6d30d4c69410",
            "displayLabel": "led",
            "type": "number"
        },
        {
            "name": "bits",
            "oid": "0ff2eab5-0a3b-43e2-a3c2-386611bb380d",
            "displayLabel": "LEDBits",
            "type": "number"
        },
        {
            "name": "deviceID",
            "oid": "ed1811a8-1ff1-4e85-87fb-24a9c42ba1ce",
            "required": true,
            "displayLabel": "deviceID",
            "type": "string"
        },
        {
            "name": "sensor",
            "oid": "5a6070ed-e0e3-4613-b94f-3322f47b4dcb",
            "displayLabel": "sensor",
            "type": "string"
        }
    ],
    "name": "HistorialSensores",
    "oid": "30a40ae5-b0ce-4e6f-aeab-015d23f1aba0",
    "relations": []
}